Administrator@paxtera.
Administrator@xaraya.d2g.com
Andrew.Vogel@drewbox.
BRUMDall@brumdall2m.bru.fsc.net
Brian.Boru@kincora.
Chris@huiskamer.
Dracos@numenor.
Jason.Judge@acad-ajp.
John.Cox@d38yrl11.
John.Cox@mcnabb.
Marie@george.
Rabbitt@sidhartha.
Sam@sam-new.
Scot.Gardner@ws75.
Tabor@ttabor2.tallinnlv.ee
VOGELAP@vogelap.pharmacy.ad.uc.edu
Vassilis@server.
XarayaGeek@bugsjr.(none)
ajones@ajones01.schwabfoundation.org
alberto@ftb.
alberto@home.
alley@alley.hccnet.nl
amoro@homespooky.
amoro@spooky.
andyv@andyv.local
andyv@andyv.plus.com
anon@numenor.
besfred@chimera.(none)
besfred@chimera.medusa
besfred@ganymed.medusa
besfred@server.home
besfred@server.medusa
bna0jcc@rmlt002799.
brihana25@brihana2-n6mya4.
caveman@rcave01.schwabfoundation.org
ccorliss@ccorliss01.schwabfoundation.org
ccorliss@lxwdev-1.schwabfoundation.org
ccorliss@schwabfoundation.org
cls@abomination.
court@xaraya.com
curcom@ares.(none)
curcom@ares.ares.fullcoll.edu
curcom@ares.fullcoll.edu
d20resources@u15150233.onlinehome-server.com
ddau711@cbt-1020630-122.
ddau711@ddaulton02k.zt.brw-inc.com
dracos@mordor.arda
dracos@numenor.
dudleyc@bar.
dudleyc@bar.hursley.ibm.com
dudleyc@pub.hursley.ibm.com
eBusiness@wendigo.
epicsaga@u15150233.onlinehome-server.com
flavio@xbotelho.unb.br
ftb@home.residential.fw
garrett@mazrim.blacktower.com
garrett@orthanc.(none)
garrett@orthanc.blacktower.com
grape@bastardo.grape.dyndns.org
iansym@howler.(none)
iansym@howler.asphyxia.com
iansym@howler.simiansynapse.com
iansym@simian.asphyxia.com
iansym@simiansynapse.com
jan@gigolo.(none)
jan@gigolo.jschrage.de
jan@jack.iwr.uni-heidelberg.de
jan@sasquatch.pulpcontent.com
jansenm@onslaught.local.michael-jansen.biz
jbeames@jbeames01.(none)
jbeames@lxwdev-1.schwabfoundation.org
jbeames@sting.in-beames.net
jcox@johnc_dell.openroad.com
jcox@johnc_dell.openroadserver.com
joe@identify.org
johnny@echo.pengo.lan
johnny@falling.local.lan
johnny@falling.pengo.lan
jojodee@ahaadev.net
jojodee@hbwdev.net
jonn@narcil.local
jsb@jbeames01.(none)
jsb@lxwdev-1.schwabfoundation.org
jsb@narcil.local
jsb@newton.xaraya.com
jsb@sting.beames.net
jsb@sting.in-beames.net
judgej@acad-ajp.
judgej@acadweb.co.uk
judgej@sme2.acadweb.co.uk
judgej@xaraya.com
kams@kams.(none)
kams@kams.local
kams@webudev.(none)
lm@demo.bitmover.com
m.lapshin@konliga.ru
m.lapshin@marclaptop.
marc@marclaptop.
marcel@hawking.hsdev.com
marcel@hsdev.com
marcel@knuth.hsdev.com
marcel@newton.xaraya.com
marcel@ohm.
marcel@ohm.hsdev.com
marcel@plato.hsdev.com
marcel@powerbook.local
marcel@sasquatch.pulpcontent.com
marco@jabawack.canini.org
mcortez@ariel2.fullcoll.edu
mcortez@krynn.
mcortez@u15150233.onlinehome-server.com
mike@noc.emiga.de
mikespub@brumdall7m.bru.fsc.net
mikespub@fully.qualified.hostname
mikespub@newton.xaraya.com
mikespub@sasquatch.pulpcontent.com
mikespub@someone.bru.fsc.net
mikespub@xaraya-gw.sourceforge.net
miko@chris-dudleys-computer.local
miko@miko.homelinux.org
miko@newton.xaraya.com
miko@power.dudleynet
miko@pub.hursley.ibm.com
miko@server.(none)
miko@xaraya.com
mjansen@onslaught.xmen.local
mrb@duel.hsdev.com
mrb@fully.qualified.hostname
mrb@powerbook.local
nuncanada@botelho2.(none)
nuncanada@fbotelho.
nuncanada@fbotelho.fbotelho
nuncanada@flavinho.bsb.virtua.com.br
nuncanada@h0ly.
nuncanada@h0ly.(none)
nuncanada@ng0.(none)
nuncanada@ng0.speedy.com.br
nuncanada@sjfkjklj.bsb.virtua.com.br
nuncanada@xbotelho.unb.br
pablo@pablonw2k.dclavod.local
paul@beingeaten.com
paul@dhcp-144-212.kiewit.dartmouth.edu
paul@paul_rosania.dartmouth.edu
paul@paul_rosania.ri.cox.net
paul@quidam.
paul@tomorrow.local.lan
pcrov@beingeaten.com
pcrov@quidam.
potsm@u15150233.onlinehome-server.com
rabbitt@bhudha.tranquillo.net
rabbitt@newton.xaraya.com
rabbitt@nioka.miragelab.com
rabbitt@nioka.tranquillo.net
rabbitt@sasquatch.pulpcontent.com
rabbitt@shiva.nioka.org
random@megaflex.netspan.ch
random@newton.xaraya.com
rcave@lxwdev-1.schwabfoundation.org
rcave@rcave01.schwabfoundation.org
rcave@thingone.rhetoric.com
rcave@thingtwo.rhetoric.com
rkeays@gravox.(none)
rkeays@gravox.ninthave.net
roger@asphyxia.com
roger@gravox.(none)
roger@gravox.ninthave.net
root@bugsjr.(none)
root@duel.hsdev.com
root@n1lab-web.sfbay.sun.com
root@sasquatch.pulpcontent.com
roottcsh@n1lab-web.sfbay.sun.com
rothfuss@comic.abstrakt.ch
rothfuss@lasagne.abstrakt.ch
rothfuss@lasagne.wg.abstrakt.ch
rrandy@www.phatcom.net
sbrook@connor.
sbrook@sbrook.homeip.net
sbrook@seanbrook.homeip.net
schrage@jack.iwr.uni-heidelberg.de
sgardner@projectx.d2g.com
shrockc@inhs.org
strat@strat.com
strat@stratagem.com
stratagem@irawk.ath.cx
voll@ashman.center.parex.net
voll@magistr.center.parex.net
voll@medoc.solidno.ru
voll@yahoo.com
wb9tpg@www.pntest.com
wb9tpg@www.pntest1.com
xaraya@schneelocke.de
xgeek@xaraya.nis.d2g.com
